{
    "feature_names": [
        "PM2.5",
        "NO",
        "CO",
        "SO2",
        "O3",
        "Day",
        "Month",
        "Weekday",
        "PM2.5_roll3",
        "NO_roll3",
        "CO_lag1",
        "CO_roll3",
        "SO2_roll3",
        "O3_roll3",
        "Season_enc",
        "PM2.5_cityavg",
        "NO_cityavg",
        "CO_cityavg",
        "SO2_cityavg",
        "O3_cityavg",
        "City_enc",
        "Temperature",
        "Humidity",
        "Wind_speed",
        "Rainfall",
        "AQI_lag1",
        "AQI_roll3"
    ],
    "city_metadata": {
        "0": {
            "name": "Faisalabad",
            "PM2.5_cityavg": -2.065166750750509,
            "NO_cityavg": -1.8488853617375725,
            "CO_cityavg": 4.520035634386208,
            "SO2_cityavg": 0.2187532752259827,
            "O3_cityavg": -1.9182111479187505,
            "count": 2000
        },
        "1": {
            "name": "Gujranwala",
            "PM2.5_cityavg": 0.8293012201720282,
            "NO_cityavg": 0.8463511801806064,
            "CO_cityavg": 0.2028747814035441,
            "SO2_cityavg": 0.8354647937694046,
            "O3_cityavg": 0.8510735962231956,
            "count": 7305
        },
        "2": {
            "name": "Hyderabad",
            "PM2.5_cityavg": -2.5364661442821195,
            "NO_cityavg": -2.2401651952513832,
            "CO_cityavg": -1.0103545656546695,
            "SO2_cityavg": -2.6997731921538013,
            "O3_cityavg": -2.120302446177756,
            "count": 2008
        },
        "3": {
            "name": "Islamabad",
            "PM2.5_cityavg": 0.1904207446642676,
            "NO_cityavg": 0.1790889827497502,
            "CO_cityavg": -0.1155409124098273,
            "SO2_cityavg": 0.0922113712083596,
            "O3_cityavg": 0.2042163698808491,
            "count": 9314
        },
        "4": {
            "name": "Karachi",
            "PM2.5_cityavg": 0.4131532743144821,
            "NO_cityavg": 0.3878461374477695,
            "CO_cityavg": -0.0532842284226646,
            "SO2_cityavg": 0.2529341760379515,
            "O3_cityavg": 0.366159034186012,
            "count": 9314
        },
        "5": {
            "name": "Lahore",
            "PM2.5_cityavg": -2.375907722787173,
            "NO_cityavg": -2.290423919737624,
            "CO_cityavg": -1.4920000691331778,
            "SO2_cityavg": -2.40603754204012,
            "O3_cityavg": -2.0921563952613496,
            "count": 2005
        },
        "6": {
            "name": "Multan",
            "PM2.5_cityavg": 0.8254674881045186,
            "NO_cityavg": 0.7974730171241536,
            "CO_cityavg": 0.1968937842123581,
            "SO2_cityavg": 0.835341914136748,
            "O3_cityavg": 0.8349928413203301,
            "count": 7305
        },
        "7": {
            "name": "Peshawar",
            "PM2.5_cityavg": -1.4310304894800687,
            "NO_cityavg": -2.042279730035317,
            "CO_cityavg": -0.8978265779418171,
            "SO2_cityavg": -2.3383090752752578,
            "O3_cityavg": -1.9482227737552744,
            "count": 2008
        },
        "8": {
            "name": "Quetta",
            "PM2.5_cityavg": 0.1768935872177012,
            "NO_cityavg": 0.265000324870659,
            "CO_cityavg": -0.1659859246220449,
            "SO2_cityavg": 0.1908921161730384,
            "O3_cityavg": 0.2379531140171975,
            "count": 9314
        },
        "9": {
            "name": "Rawalpindi",
            "PM2.5_cityavg": -1.3315954267983443,
            "NO_cityavg": -1.5321987764764555,
            "CO_cityavg": -1.1066779327212963,
            "SO2_cityavg": -1.448633685707835,
            "O3_cityavg": -1.950356537533657,
            "count": 1857
        }
    },
    "aqi_lag1_col": "AQI_lag1",
    "aqi_roll3_col": "AQI_roll3",
    "model_accuracy": {
        "MAE": 49.021894403447185,
        "RMSE": 65.83462508148813,
        "R2": 0.8150768459159379
    }
}